<?xml version="1.0" encoding="UTF-8"?>
<!DOCTYPE hibernate-configuration PUBLIC
              "-//Hibernate/Hibernate Configuration DTD 3.0//EN"
              "http://www.hibernate.org/dtd/hibernate-configuration-3.0.dtd">
<hibernate-configuration>
  <session-factory name="TestSessionFactory">
    <property name="hibernate.connection.driver_class">com.microsoft.sqlserver.jdbc.SQLServerDriver</property>
    <property name="hibernate.connection.url">jdbc:sqlserver://SQL-SWCS-18-1I\\IIDEV05;databaseName=d_SandboxD;integratedSecurity=true</property>
    <property name="hibernate.dialect">org.hibernate.dialect.SQLServerDialect</property>
  </session-factory>
</hibernate-configuration>
